{
    "accuracy": 0.664,
    "precision": 0.7037037037037037,
    "recall": 0.59375,
    "auc": 0.7382172131147542
}